Id,"Transaction Label","Transaction Id","Transaction AmountBTC","Client Remaining","Merchant Remaining","Transaction AmountUSD","Conversion Rate","Transaction ClientId","Transaction MerchantId","Transaction Timestamp","Created At","Updated At"
42,instanceRegistration,sdasdas565,0.0087,79,15,1,11464.00,postmanuser1,mg,4454565654654,2020-11-24,"2020-11-24 19:47:06"
41,test123,sdasdas565,0.0087,79,15,5,11464.00,postmanuser1,mg,4454565654654,2020-11-24,"2020-11-24 19:46:23"
40,instanceRegistration,sdasdas565,0.0087,84,20,1,11464.00,postmanuser1,mg,4454565654654,2020-11-24,"2020-11-24 10:52:44"
38,instanceRegistration,sdasdas565,0.0087,84,20,1,11464.00,postmanuser1,mg,4454565654654,2020-11-24,"2020-11-24 10:49:52"
39,instanceRegistration,sdasdas565,0.0087,84,20,1,11464.00,postmanuser1,mg,4454565654654,2020-11-24,"2020-11-24 10:50:03"
37,test123,sdasdas565,0.0087,84,20,5,11464.00,postmanuser1,mg,4454565654654,2020-11-24,"2020-11-24 10:49:31"
36,instanceRegistration,sdasdas565,0.0087,89,3.250408540335,1,11464.00,psotmanuser1,mg,4454565654654,2020-11-24,"2020-11-24 10:42:36"
35,test1235,sdasdas565,0.0087,89,3.250408540335,1,11464.00,psotmanuser1,mg,4454565654654,2020-11-24,"2020-11-24 10:42:15"
34,test123,sdasdas565,0.0087,89,3.250408540335,1,11464.00,psotmanuser1,mg,4454565654654,2020-11-24,"2020-11-24 10:39:31"
33,test123,sdasdas565,0.0087,90,4.250408540335,5,11464.00,psotmanuser1,mg,4454565654654,2020-11-24,"2020-11-24 10:39:04"
32,test123,sdasdas565,0.0087,95,9.250408540335,5,11464.00,psotmanuser1,mg,4454565654654,2020-11-24,"2020-11-24 10:36:27"
31,test123,sdasdas565,0.0087,100,14.250408540335,5,11464.00,psotmanuser1,mg,4454565654654,2020-11-24,"2020-11-24 10:33:47"
30,test123,sdasdas565,0.0087,100,14.250408540335,5,11464.00,psotmanuser1,mg,4454565654654,2020-11-24,"2020-11-24 10:32:17"
29,instant_register1605812119544,instant_register1605812119544,2.78505E-5,24.500408540335,14.250408540335,0.49959145966500007,17938.33,NC160581209127665,mg,1605812193,2020-11-19,"2020-11-19 18:56:42"
28,outgoingMaxBoost1605812028,outgoingMaxBoost1605812028,1.3883E-5,1.75,14.75,0.25,18007.63523734063,testclient1,mg,1.605812037809E9,2020-11-19,"2020-11-19 18:53:59"
26,test123,testtransaction123,0.0087,45,20,5,11464.00,testclient1,mg,544545456456456456,2020-11-19,"2020-11-19 11:11:23"
27,test123,testtransaction123,0.0087,20,15,5,11464.00,NC160578391709246,mg,544545456456456456,2020-11-19,"2020-11-19 11:12:41"
43,transaction888,sdasdas565,0.0087,-863,-883,888,11464.00,NC1606824315169399,888,4454565654654,2020-12-01,"2020-12-01 12:09:19"
44,transaction888,sdasdas565,0.0087,-1862,-994,111,11464.00,NC1606824315169399,888,4454565654654,2020-12-01,"2020-12-01 12:09:52"
45,transaction888,sdasdas565,0.0087,-86,-106,111,11464.00,NC1606824315169399,ahmad07,4454565654654,2020-12-01,"2020-12-01 14:34:52"
46,transaction888,sdasdas565,0.0087,-197,-217,111,11464.00,NC1606824315169399,ahmad07,4454565654654,2020-12-01,"2020-12-01 14:35:08"
47,instant_register1606887958741,instant_register1606887958741,2.69192E-5,25,20,0.49999991272,18574.1,NC1606887942305192,mg123,1606888021,2020-12-02,"2020-12-02 05:47:11"
48,outgoingMaxBoost1606888377,outgoingMaxBoost1606888377,5.9002E-5,8.9,18.9,1.1,18643.43581573506,testclient1,mg123,1.606888410788E9,2020-12-02,"2020-12-02 05:53:32"
49,outgoingMaxBoost1606889887,outgoingMaxBoost1606889887,2.666E-5,9.5,19.5,0.5,18754.688672168042,testclient1,mg123,1.60688988858E9,2020-12-02,"2020-12-02 06:18:09"
50,instant_register1620238463188,instant_register1620238463188,8.70657E-6,25,50,0.5003601350382,57469.259999999995,NC1620238429340819,onoff,1620238595,2021-05-05,"2021-05-05 18:16:47"
